drinker,bar
Merline,Gleason and Sons
Herve,Rolfson Inc
Herve,"Cole, Larson and Weber"
Herve,Lubowitz and Sons
Salome,Jakubowski-Hyatt
Ophelie,Rohan-Sipes
Basil,Jakubowski-Hyatt
Basil,Wyman and Sons
Maxine,"Hahn, Weber and Nader"
Maxine,Cronin and Sons
Simon,Abshire-Mante
Abran,Abshire Group
Abran,"Hansen, Hodkiewicz and Kessler"
Abran,Volkman LLC
Abran,Langosh Group
Missie,Bailey Inc
Missie,Hodkiewicz Inc
Druci,Mraz-Schmeler
Druci,Abshire-Mante
Olenka,Cronin and Sons
Olenka,"Thompson, Parker and Schneider"
Benjamen,Abshire Group
Benjamen,Pouros-Rohan
Benjamen,Langosh Group
Nanni,"Hauck, Hettinger and Hills"
Nanni,Hyatt Group
Lani,"Schroeder, Davis and Leffler"
Lani,"Heathcote, Hoppe and Koss"
Georgiana,Maggio-Crona
Georgiana,"Cassin, Feil and Schmitt"
Georgiana,Haley Group
Georgiana,"Hansen, Hodkiewicz and Kessler"
Georgiana,"Heller, Ortiz and Kovacek"
Melony,"Hahn, Weber and Nader"
Melony,"Rippin, Zieme and Bosco"
Melony,"Spencer, Jerde and Predovic"
Merrill,Walsh and Sons
Merrill,"Boyle, Schowalter and McClure"
Virginie,Hyatt Group
Virginie,"Rippin, Zieme and Bosco"
Virginie,"Herzog, Littel and Kunze"
Theo,"Streich, Mosciski and Huel"
Theo,"Schmitt, Stracke and Will"
Marian,"Cole, Larson and Weber"
Marian,Schinner LLC
Marian,Lubowitz and Sons
Marian,"Renner, Schuster and Zboncak"
Tatiana,"Keeling, Okuneva and Rippin"
Tatiana,Dicki-Kuphal
Tatiana,Klocko LLC
Tatiana,"Schroeder, Davis and Leffler"
Sollie,Batz Group
Sollie,Rohan-Sipes
Sollie,Schoen LLC
Sollie,Frami LLC
Sollie,Hyatt Group
Orson,Friesen Group
Constantino,"Fisher, Cassin and Hackett"
Constantino,Rodriguez-Carter
Emmalee,Wyman and Sons
Emmalee,"Hahn, Weber and Nader"
Emmalee,Abshire-Mante
Emmalee,"Rippin, Zieme and Bosco"
Philip,Hermiston-Mayer
Philip,"Sipes, Mueller and Walker"
Philip,"Spencer, Jerde and Predovic"
Philip,Morar-Harvey
Ibby,Ward-Weissnat
Ibby,Bailey Inc
Ibby,Jakubowski-Hyatt
Ibby,Leuschke Group
Ibby,"VonRueden, Walker and Schroeder"
Jorge,Jakubowski-Hyatt
Jorge,O'Kon-Barton
Garv,Frami LLC
Garv,"Spencer, Jerde and Predovic"
Antonius,Walsh and Sons
Antonius,"VonRueden, Walker and Schroeder"
Antonius,Hyatt Inc
Antonius,"Thompson, Parker and Schneider"
Even,"Fisher, Cassin and Hackett"
Even,Renner Group
Even,Cronin and Sons
Brendis,Hyatt Group
Brendis,McLaughlin and Sons
Brendis,"Ward, Bradtke and Heathcote"
Paulita,Rutherford LLC
Paulita,"Fay, Gottlieb and Schuppe"
Paulita,Frami LLC
Paulita,Dicki-Kuphal
Ulrick,Hyatt Group
Ulrick,"Keeling, Okuneva and Rippin"
Ulrick,"Rippin, Zieme and Bosco"
Ulrick,Frami LLC
Ulrick,"VonRueden, Walker and Schroeder"
Piotr,Hyatt Group
Piotr,Schoen LLC
Piotr,Morar-Harvey
Piotr,"Fisher, Cassin and Hackett"
Calida,Haley Group
Bertrando,Leuschke Group
Bertrando,"Schroeder, Davis and Leffler"
Bertrando,"Hauck, Hettinger and Hills"
Anette,Klocko LLC
Anette,Hodkiewicz Inc
Arluene,Rohan-Sipes
Homer,Rutherford LLC
Homer,Metz-Kozey
Homer,Pouros-Rohan
Homer,"Fay, Gottlieb and Schuppe"
Bebe,Hansen LLC
Bebe,Hyatt Inc
Bebe,"VonRueden, Walker and Schroeder"
Bebe,"Cassin, Feil and Schmitt"
Beaufort,"Renner, Schuster and Zboncak"
Beaufort,Haley Group
Beaufort,Abshire-Mante
Beaufort,Hayes Group
Beaufort,Rolfson Inc
Donalt,Maggio-Crona
Angus,"Fay, Gottlieb and Schuppe"
Angus,"Schmitt, Stracke and Will"
Angus,"Heathcote, Hoppe and Koss"
Rasla,"Keeling, Okuneva and Rippin"
Rasla,Rolfson Inc
Rasla,Renner Group
Merwyn,Haley Group
Merwyn,Robel-Rutherford
Merwyn,"Renner, Schuster and Zboncak"
Merwyn,Rodriguez-Carter
Ellwood,Klein-Ledner
Ellwood,Schoen LLC
Morty,Schinner LLC
Morty,Hyatt Inc
Morty,Batz Group
Morty,Bailey Inc
Morty,Green-Roberts
Vanni,Bailey Inc
Vanni,Schoen LLC
Vanni,Mraz-Schmeler
Benjamen,"Keeling, Okuneva and Rippin"
Benjamen,Cronin and Sons
Benjamen,Hyatt Group
Benjamen,Friesen Group
Debi,Pouros-Rohan
Debi,Mraz-Schmeler
Debi,Rodriguez-Carter
Debi,Romaguera-Rau
Loutitia,Green-Roberts
Loutitia,"Fay, Gottlieb and Schuppe"
Velma,"Hansen, Hodkiewicz and Kessler"
Velma,Robel-Rutherford
Aguste,Morar-Harvey
Aguste,Renner Group
Aguste,"Schmitt, Stracke and Will"
Aguste,Marks Group
Aguste,Rolfson Inc
Carlene,Metz-Kozey
Carlene,Haley Group
Carlene,Hayes Group
Carlene,"Hansen, Hodkiewicz and Kessler"
Carlene,Mraz-Schmeler
Lionello,Schinner LLC
Mathian,Rohan-Sipes
Mathian,"Hansen, Hodkiewicz and Kessler"
Maris,"Sipes, Mueller and Walker"
Evey,O'Kon-Barton
Evey,Pouros-Rohan
Evey,Dicki-Kuphal
Salomon,"Towne, Nikolaus and Thiel"
Salomon,Bailey Inc
Renae,O'Kon-Barton
Renae,"Fay, Gottlieb and Schuppe"
Renae,Friesen Group
Rich,"Hansen, Hodkiewicz and Kessler"
Rich,"Rippin, Zieme and Bosco"
Rich,Romaguera-Rau
Rich,Schoen LLC
Dari,Ward-Weissnat
Dari,Hodkiewicz Inc
Dari,Romaguera-Rau
Bail,Schneider-Cartwright
Bail,Pagac-Huels
Bail,"Cassin, Feil and Schmitt"
Bail,"Kutch, Connelly and Wiza"
Chip,Hyatt Inc
Norma,Hansen LLC
Nanny,"Keeling, Okuneva and Rippin"
Nanny,Gleason and Sons
Todd,Hermiston-Mayer
Todd,Cronin and Sons
Todd,Pagac-Huels
Yehudit,Emmerich and Sons
Yehudit,Abshire Group
Yehudit,"Fisher, Cassin and Hackett"
Yehudit,Rutherford LLC
Yehudit,Morar-Harvey
Hodge,"Sipes, Mueller and Walker"
Hodge,Morar-Harvey
Vasilis,Ward-Weissnat
Vasilis,"Hahn, Weber and Nader"
Vasilis,"Fay, Gottlieb and Schuppe"
Vasilis,Romaguera-Rau
Boote,Rohan-Sipes
Boote,Collier-Dicki
Boote,Klein-Ledner
Nolly,Bailey Inc
Nolly,Rolfson Inc
Nolly,Romaguera-Rau
Jennifer,"Keeling, Okuneva and Rippin"
Jennifer,"Hahn, Weber and Nader"
Jennifer,Walsh and Sons
Thekla,Ward-Weissnat
Thekla,Rodriguez-Carter
Isabel,Dicki-Kuphal
Isabel,Schoen LLC
Elayne,Morar-Harvey
Elayne,"Kutch, Connelly and Wiza"
Elayne,Hayes Group
Elayne,Klocko LLC
Elayne,Rutherford LLC
Julienne,Pagac-Huels
Julienne,"Kutch, Connelly and Wiza"
Julienne,Bailey Inc
Julienne,Klocko LLC
Julienne,Abshire-Mante
Carmella,"Kutch, Connelly and Wiza"
Carmella,Green-Roberts
Lorrin,Green-Roberts
Lorrin,Morar-Harvey
Lorrin,Romaguera-Rau
Borg,Volkman LLC
Borg,Lubowitz and Sons
Borg,Frami LLC
Borg,Jenkins and Sons
Borg,Klein-Ledner
Brod,"Spencer, Jerde and Predovic"
Brod,"Hahn, Weber and Nader"
Brod,Hyatt Inc
Brod,Hansen LLC
Aurore,"Sipes, Mueller and Walker"
Osbourne,"VonRueden, Walker and Schroeder"
Osbourne,Friesen Group
Osbourne,"Hauck, Hettinger and Hills"
Osbourne,Rohan-Sipes
Gwenore,Pouros-Rohan
Gwenore,Maggio-Crona
Gwenore,"Cole, Larson and Weber"
Gwenore,Lubowitz and Sons
Jefferson,Jakubowski-Hyatt
Jefferson,Rodriguez-Carter
Jefferson,"Schroeder, Davis and Leffler"
Jefferson,Abshire-Mante
Dolorita,"Bode, Kreiger and Abernathy"
Dolorita,Frami LLC
Dolorita,Mraz-Schmeler
Dolorita,Klocko LLC
Dolorita,Friesen Group
Patrice,"Thompson, Parker and Schneider"
Patrice,"Spencer, Jerde and Predovic"
Patrice,Hayes Group
Karlotta,Jakubowski-Hyatt
Karlotta,Leuschke Group
Eryn,"Hauck, Hettinger and Hills"
Cleveland,Klocko LLC
Cleveland,Hayes Group
Linda,Cronin and Sons
Linus,"Sipes, Mueller and Walker"
Ted,"Ward, Bradtke and Heathcote"
Ted,Lubowitz and Sons
Ted,Robel-Rutherford
Ted,Marks Group
Andonis,O'Kon-Barton
Andonis,"Fay, Gottlieb and Schuppe"
Cyndi,Rohan-Sipes
Cyndi,Hodkiewicz Inc
Cyndi,"Sipes, Mueller and Walker"
Leonelle,Leuschke Group
Leonelle,"Fay, Gottlieb and Schuppe"
Bordy,Green-Roberts
Bordy,"Rippin, Zieme and Bosco"
Bordy,Rodriguez-Carter
Bordy,"Towne, Nikolaus and Thiel"
Bordy,Windler LLC
Konstanze,Rodriguez-Carter
Konstanze,"Heller, Ortiz and Kovacek"
Konstanze,Robel-Rutherford
Adrien,Lubowitz and Sons
Adrien,Schinner LLC
Adrien,Hansen LLC
Adrien,"Thompson, Parker and Schneider"
Ashley,Gleason and Sons
Ashley,Leuschke Group
Ashley,"Rippin, Zieme and Bosco"
Filippo,Renner Group
Richie,Renner Group
Booth,"Keeling, Okuneva and Rippin"
Jackqueline,"Hahn, Weber and Nader"
Jackqueline,Green-Roberts
Jackqueline,"Boyle, Schowalter and McClure"
Devy,"Heathcote, Hoppe and Koss"
Devy,Morar-Harvey
Devy,Hodkiewicz Inc
Devy,McLaughlin and Sons
Portie,Walsh and Sons
Portie,"Cole, Larson and Weber"
Portie,"Hahn, Weber and Nader"
Portie,"Fisher, Cassin and Hackett"
Miles,Renner Group
Miles,Walsh and Sons
Miles,"Streich, Mosciski and Huel"
Miles,"Schmitt, Stracke and Will"
Essa,Wyman and Sons
Essa,"Bode, Kreiger and Abernathy"
Maxie,"Herzog, Littel and Kunze"
Maxie,Romaguera-Rau
Maxie,Gleason and Sons
Maxie,Hayes Group
Onfroi,Volkman LLC
Kerr,Gleason and Sons
Aldon,Frami LLC
Aldon,Abshire Group
Aldon,Haley Group
Aldon,Hayes Group
Aldon,Renner Group
Millisent,Green-Roberts
Millisent,"Hansen, Hodkiewicz and Kessler"
Millisent,Schneider-Cartwright
Tanhya,Marks Group
Chaddy,Frami LLC
Chaddy,Emmerich and Sons
Chaddy,Hayes Group
Chaddy,Lubowitz and Sons
Irma,Morar-Harvey
Irma,Dicki-Kuphal
Irma,"Sipes, Mueller and Walker"
Irma,"Renner, Schuster and Zboncak"
Irma,Rolfson Inc
Nanice,Green-Roberts
Nanice,Jenkins and Sons
Barbee,Gleason and Sons
Silvano,"Keeling, Okuneva and Rippin"
Silvano,Schneider-Cartwright
Silvano,Walsh and Sons
Cammie,Jenkins and Sons
Cammie,Hermiston-Mayer
Molly,Collier-Dicki
Molly,Dicki-Kuphal
Molly,Gleason and Sons
Molly,Metz-Kozey
Molly,"Kutch, Connelly and Wiza"
Valma,"Cole, Larson and Weber"
Valma,"Schroeder, Davis and Leffler"
Jeramey,"Hansen, Hodkiewicz and Kessler"
Jeramey,Wyman and Sons
Jeramey,"Streich, Mosciski and Huel"
Jeramey,"VonRueden, Walker and Schroeder"
Kath,Pouros-Rohan
Micah,Hansen LLC
Micah,"Heathcote, Hoppe and Koss"
Micah,Pouros-Rohan
Coralyn,Schinner LLC
Coralyn,"Fay, Gottlieb and Schuppe"
Coralyn,Rolfson Inc
Bryce,Hayes Group
Bryce,Ward-Weissnat
Bryce,"Schmitt, Stracke and Will"
Edgardo,Gleason and Sons
Edgardo,"Bode, Kreiger and Abernathy"
Edgardo,Cronin and Sons
Edgardo,"Keeling, Okuneva and Rippin"
Gaynor,"Kutch, Connelly and Wiza"
Gaynor,"Thompson, Parker and Schneider"
Dottie,Langosh Group
Dara,Cronin and Sons
Bank,Hyatt Inc
Bank,"Sipes, Mueller and Walker"
Bank,Klein-Ledner
Trefor,Dicki-Kuphal
Trefor,Hyatt Group
Trefor,Hansen LLC
Trefor,Haley Group
Trefor,Langosh Group
Jenn,Collier-Dicki
Jenn,"Rippin, Zieme and Bosco"
Jenn,Pouros-Rohan
Karlee,Mraz-Schmeler
Karlee,"Bode, Kreiger and Abernathy"
Karlee,Hodkiewicz Inc
Karlee,Abshire Group
Kat,Walsh and Sons
Kat,Hodkiewicz Inc
Kat,Morar-Harvey
Kat,Maggio-Crona
Barby,Hyatt Group
Barby,"Renner, Schuster and Zboncak"
Jackie,Batz Group
Jackie,"Spencer, Jerde and Predovic"
Jackie,Rolfson Inc
Chuck,Metz-Kozey
Chuck,Rolfson Inc
Robyn,Ward-Weissnat
Valery,Schneider-Cartwright
Valery,Jenkins and Sons
Mitzi,Green-Roberts
Mitzi,Abshire-Mante
Mitzi,"Schroeder, Davis and Leffler"
Mitzi,Emmerich and Sons
Adria,Gleason and Sons
Adria,Dicki-Kuphal
Griffy,Batz Group
Griffy,Hansen LLC
Griffy,Hayes Group
Dede,Rutherford LLC
Dede,Volkman LLC
Celestine,Rutherford LLC
Celestine,"Heller, Ortiz and Kovacek"
Pepito,Abshire Group
Pepito,Rohan-Sipes
Pepito,Batz Group
Darrick,Collier-Dicki
Kailey,Emmerich and Sons
Kailey,Schneider-Cartwright
Kailey,Jakubowski-Hyatt
Kailey,Pagac-Huels
Elsa,Klocko LLC
Elsa,Haley Group
Elsa,Hermiston-Mayer
Elsa,Walsh and Sons
Elsa,"Fay, Gottlieb and Schuppe"
Peggi,McLaughlin and Sons
Peggi,Batz Group
Peggi,Cronin and Sons
Ase,Lubowitz and Sons
Sybille,Abshire Group
Ronny,Rohan-Sipes
Karlen,Windler LLC
Karlen,Robel-Rutherford
Karlen,McLaughlin and Sons
Karlen,Renner Group
Isahella,"Fisher, Cassin and Hackett"
Isahella,McLaughlin and Sons
Keane,Jenkins and Sons
Ruthanne,Langosh Group
Ruthanne,Rutherford LLC
Ruthanne,Wyman and Sons
Ruthanne,"Thompson, Parker and Schneider"
Tess,Hansen LLC
Tess,Rodriguez-Carter
Tess,Friesen Group
Tess,Rutherford LLC
Berry,Green-Roberts
Berry,Lubowitz and Sons
Evangelin,Robel-Rutherford
Evangelin,Volkman LLC
Erwin,Bailey Inc
Erwin,Batz Group
Bary,"Renner, Schuster and Zboncak"
Bary,"Streich, Mosciski and Huel"
Bary,"Kutch, Connelly and Wiza"
Margaretha,Friesen Group
Valenka,"Rippin, Zieme and Bosco"
Valenka,"Hahn, Weber and Nader"
Valenka,Rutherford LLC
Vincents,Rutherford LLC
Stan,"Fisher, Cassin and Hackett"
Stan,Volkman LLC
Stan,"Cassin, Feil and Schmitt"
Stan,"Kutch, Connelly and Wiza"
Bondie,Haley Group
Bondie,Leuschke Group
Bondie,"Heathcote, Hoppe and Koss"
Petronilla,"Streich, Mosciski and Huel"
Petronilla,Robel-Rutherford
Petronilla,Metz-Kozey
Saunders,Rolfson Inc
